--
-- PostgreSQL database dump
--

\restrict XksaAPwKXgNKJYRxGhmANUOAlLpbKTWT1GkUR38c5tthbPuFzCdFnocdxgVLbE3

-- Dumped from database version 14.20 (Debian 14.20-1.pgdg13+1)
-- Dumped by pg_dump version 14.20 (Debian 14.20-1.pgdg13+1)

SET statement_timeout = 0;
SET lock_timeout = 0;
SET idle_in_transaction_session_timeout = 0;
SET client_encoding = 'UTF8';
SET standard_conforming_strings = on;
SELECT pg_catalog.set_config('search_path', '', false);
SET check_function_bodies = false;
SET xmloption = content;
SET client_min_messages = warning;
SET row_security = off;

SET default_tablespace = '';

SET default_table_access_method = heap;

--
-- Name: Accounts_useraddress; Type: TABLE; Schema: public; Owner: postgres
--

CREATE TABLE public."Accounts_useraddress" (
    id bigint NOT NULL,
    street_address character varying(255),
    city character varying(100),
    state character varying(100),
    postal_code character varying(20),
    user_id integer NOT NULL
);


ALTER TABLE public."Accounts_useraddress" OWNER TO postgres;

--
-- Name: Accounts_useraddress_id_seq; Type: SEQUENCE; Schema: public; Owner: postgres
--

ALTER TABLE public."Accounts_useraddress" ALTER COLUMN id ADD GENERATED BY DEFAULT AS IDENTITY (
    SEQUENCE NAME public."Accounts_useraddress_id_seq"
    START WITH 1
    INCREMENT BY 1
    NO MINVALUE
    NO MAXVALUE
    CACHE 1
);


--
-- Name: Accounts_userbankaccount; Type: TABLE; Schema: public; Owner: postgres
--

CREATE TABLE public."Accounts_userbankaccount" (
    id bigint NOT NULL,
    nid_number character varying(25),
    birth_day date,
    account_no bigint NOT NULL,
    balance numeric(12,2) NOT NULL,
    account_type character varying(20) NOT NULL,
    gender character varying(10) NOT NULL,
    user_id integer NOT NULL
);


ALTER TABLE public."Accounts_userbankaccount" OWNER TO postgres;

--
-- Name: Accounts_userbankaccount_id_seq; Type: SEQUENCE; Schema: public; Owner: postgres
--

ALTER TABLE public."Accounts_userbankaccount" ALTER COLUMN id ADD GENERATED BY DEFAULT AS IDENTITY (
    SEQUENCE NAME public."Accounts_userbankaccount_id_seq"
    START WITH 1
    INCREMENT BY 1
    NO MINVALUE
    NO MAXVALUE
    CACHE 1
);


--
-- Name: Transactions_b2b; Type: TABLE; Schema: public; Owner: postgres
--

CREATE TABLE public."Transactions_b2b" (
    transaction_ptr_id bigint NOT NULL,
    receiver_id integer,
    sender_id integer,
    b2b_money boolean
);


ALTER TABLE public."Transactions_b2b" OWNER TO postgres;

--
-- Name: Transactions_loan; Type: TABLE; Schema: public; Owner: postgres
--

CREATE TABLE public."Transactions_loan" (
    transaction_ptr_id bigint NOT NULL,
    purpose character varying(50) NOT NULL,
    priority character varying(50) NOT NULL,
    repayment_frequency character varying(50) NOT NULL,
    approve_admin_id integer
);


ALTER TABLE public."Transactions_loan" OWNER TO postgres;

--
-- Name: Transactions_transaction; Type: TABLE; Schema: public; Owner: postgres
--

CREATE TABLE public."Transactions_transaction" (
    id bigint NOT NULL,
    transaction_type character varying(50) NOT NULL,
    amount numeric(12,2) NOT NULL,
    description text,
    status boolean NOT NULL,
    created_at timestamp with time zone,
    updated_at timestamp with time zone,
    transaction_id character varying(15) NOT NULL,
    user_id integer NOT NULL,
    after_transaction_balance numeric(20,2),
    admin_user_id integer
);


ALTER TABLE public."Transactions_transaction" OWNER TO postgres;

--
-- Name: Transactions_transaction_id_seq; Type: SEQUENCE; Schema: public; Owner: postgres
--

ALTER TABLE public."Transactions_transaction" ALTER COLUMN id ADD GENERATED BY DEFAULT AS IDENTITY (
    SEQUENCE NAME public."Transactions_transaction_id_seq"
    START WITH 1
    INCREMENT BY 1
    NO MINVALUE
    NO MAXVALUE
    CACHE 1
);


--
-- Name: auth_group; Type: TABLE; Schema: public; Owner: postgres
--

CREATE TABLE public.auth_group (
    id integer NOT NULL,
    name character varying(150) NOT NULL
);


ALTER TABLE public.auth_group OWNER TO postgres;

--
-- Name: auth_group_id_seq; Type: SEQUENCE; Schema: public; Owner: postgres
--

ALTER TABLE public.auth_group ALTER COLUMN id ADD GENERATED BY DEFAULT AS IDENTITY (
    SEQUENCE NAME public.auth_group_id_seq
    START WITH 1
    INCREMENT BY 1
    NO MINVALUE
    NO MAXVALUE
    CACHE 1
);


--
-- Name: auth_group_permissions; Type: TABLE; Schema: public; Owner: postgres
--

CREATE TABLE public.auth_group_permissions (
    id bigint NOT NULL,
    group_id integer NOT NULL,
    permission_id integer NOT NULL
);


ALTER TABLE public.auth_group_permissions OWNER TO postgres;

--
-- Name: auth_group_permissions_id_seq; Type: SEQUENCE; Schema: public; Owner: postgres
--

ALTER TABLE public.auth_group_permissions ALTER COLUMN id ADD GENERATED BY DEFAULT AS IDENTITY (
    SEQUENCE NAME public.auth_group_permissions_id_seq
    START WITH 1
    INCREMENT BY 1
    NO MINVALUE
    NO MAXVALUE
    CACHE 1
);


--
-- Name: auth_permission; Type: TABLE; Schema: public; Owner: postgres
--

CREATE TABLE public.auth_permission (
    id integer NOT NULL,
    name character varying(255) NOT NULL,
    content_type_id integer NOT NULL,
    codename character varying(100) NOT NULL
);


ALTER TABLE public.auth_permission OWNER TO postgres;

--
-- Name: auth_permission_id_seq; Type: SEQUENCE; Schema: public; Owner: postgres
--

ALTER TABLE public.auth_permission ALTER COLUMN id ADD GENERATED BY DEFAULT AS IDENTITY (
    SEQUENCE NAME public.auth_permission_id_seq
    START WITH 1
    INCREMENT BY 1
    NO MINVALUE
    NO MAXVALUE
    CACHE 1
);


--
-- Name: auth_user; Type: TABLE; Schema: public; Owner: postgres
--

CREATE TABLE public.auth_user (
    id integer NOT NULL,
    password character varying(128) NOT NULL,
    last_login timestamp with time zone,
    is_superuser boolean NOT NULL,
    username character varying(150) NOT NULL,
    first_name character varying(150) NOT NULL,
    last_name character varying(150) NOT NULL,
    email character varying(254) NOT NULL,
    is_staff boolean NOT NULL,
    is_active boolean NOT NULL,
    date_joined timestamp with time zone NOT NULL
);


ALTER TABLE public.auth_user OWNER TO postgres;

--
-- Name: auth_user_groups; Type: TABLE; Schema: public; Owner: postgres
--

CREATE TABLE public.auth_user_groups (
    id bigint NOT NULL,
    user_id integer NOT NULL,
    group_id integer NOT NULL
);


ALTER TABLE public.auth_user_groups OWNER TO postgres;

--
-- Name: auth_user_groups_id_seq; Type: SEQUENCE; Schema: public; Owner: postgres
--

ALTER TABLE public.auth_user_groups ALTER COLUMN id ADD GENERATED BY DEFAULT AS IDENTITY (
    SEQUENCE NAME public.auth_user_groups_id_seq
    START WITH 1
    INCREMENT BY 1
    NO MINVALUE
    NO MAXVALUE
    CACHE 1
);


--
-- Name: auth_user_id_seq; Type: SEQUENCE; Schema: public; Owner: postgres
--

ALTER TABLE public.auth_user ALTER COLUMN id ADD GENERATED BY DEFAULT AS IDENTITY (
    SEQUENCE NAME public.auth_user_id_seq
    START WITH 1
    INCREMENT BY 1
    NO MINVALUE
    NO MAXVALUE
    CACHE 1
);


--
-- Name: auth_user_user_permissions; Type: TABLE; Schema: public; Owner: postgres
--

CREATE TABLE public.auth_user_user_permissions (
    id bigint NOT NULL,
    user_id integer NOT NULL,
    permission_id integer NOT NULL
);


ALTER TABLE public.auth_user_user_permissions OWNER TO postgres;

--
-- Name: auth_user_user_permissions_id_seq; Type: SEQUENCE; Schema: public; Owner: postgres
--

ALTER TABLE public.auth_user_user_permissions ALTER COLUMN id ADD GENERATED BY DEFAULT AS IDENTITY (
    SEQUENCE NAME public.auth_user_user_permissions_id_seq
    START WITH 1
    INCREMENT BY 1
    NO MINVALUE
    NO MAXVALUE
    CACHE 1
);


--
-- Name: django_admin_log; Type: TABLE; Schema: public; Owner: postgres
--

CREATE TABLE public.django_admin_log (
    id integer NOT NULL,
    action_time timestamp with time zone NOT NULL,
    object_id text,
    object_repr character varying(200) NOT NULL,
    action_flag smallint NOT NULL,
    change_message text NOT NULL,
    content_type_id integer,
    user_id integer NOT NULL,
    CONSTRAINT django_admin_log_action_flag_check CHECK ((action_flag >= 0))
);


ALTER TABLE public.django_admin_log OWNER TO postgres;

--
-- Name: django_admin_log_id_seq; Type: SEQUENCE; Schema: public; Owner: postgres
--

ALTER TABLE public.django_admin_log ALTER COLUMN id ADD GENERATED BY DEFAULT AS IDENTITY (
    SEQUENCE NAME public.django_admin_log_id_seq
    START WITH 1
    INCREMENT BY 1
    NO MINVALUE
    NO MAXVALUE
    CACHE 1
);


--
-- Name: django_content_type; Type: TABLE; Schema: public; Owner: postgres
--

CREATE TABLE public.django_content_type (
    id integer NOT NULL,
    app_label character varying(100) NOT NULL,
    model character varying(100) NOT NULL
);


ALTER TABLE public.django_content_type OWNER TO postgres;

--
-- Name: django_content_type_id_seq; Type: SEQUENCE; Schema: public; Owner: postgres
--

ALTER TABLE public.django_content_type ALTER COLUMN id ADD GENERATED BY DEFAULT AS IDENTITY (
    SEQUENCE NAME public.django_content_type_id_seq
    START WITH 1
    INCREMENT BY 1
    NO MINVALUE
    NO MAXVALUE
    CACHE 1
);


--
-- Name: django_migrations; Type: TABLE; Schema: public; Owner: postgres
--

CREATE TABLE public.django_migrations (
    id bigint NOT NULL,
    app character varying(255) NOT NULL,
    name character varying(255) NOT NULL,
    applied timestamp with time zone NOT NULL
);


ALTER TABLE public.django_migrations OWNER TO postgres;

--
-- Name: django_migrations_id_seq; Type: SEQUENCE; Schema: public; Owner: postgres
--

ALTER TABLE public.django_migrations ALTER COLUMN id ADD GENERATED BY DEFAULT AS IDENTITY (
    SEQUENCE NAME public.django_migrations_id_seq
    START WITH 1
    INCREMENT BY 1
    NO MINVALUE
    NO MAXVALUE
    CACHE 1
);


--
-- Name: django_session; Type: TABLE; Schema: public; Owner: postgres
--

CREATE TABLE public.django_session (
    session_key character varying(40) NOT NULL,
    session_data text NOT NULL,
    expire_date timestamp with time zone NOT NULL
);


ALTER TABLE public.django_session OWNER TO postgres;

--
-- Data for Name: Accounts_useraddress; Type: TABLE DATA; Schema: public; Owner: postgres
--

COPY public."Accounts_useraddress" (id, street_address, city, state, postal_code, user_id) FROM stdin;
1	\N	\N	\N	\N	2
2	\N	\N	\N	\N	3
3	\N	\N	\N	\N	4
4	\N	\N	\N	\N	5
\.


--
-- Data for Name: Accounts_userbankaccount; Type: TABLE DATA; Schema: public; Owner: postgres
--

COPY public."Accounts_userbankaccount" (id, nid_number, birth_day, account_no, balance, account_type, gender, user_id) FROM stdin;
2	\N	\N	14052004003	1.01	Savings	Male	3
4	\N	\N	14052004005	2099.00	Business	Male	5
1	\N	\N	14052004002	456.00	Savings	Male	2
3	\N	\N	14052004004	1335.00	Savings	Male	4
\.


--
-- Data for Name: Transactions_b2b; Type: TABLE DATA; Schema: public; Owner: postgres
--

COPY public."Transactions_b2b" (transaction_ptr_id, receiver_id, sender_id, b2b_money) FROM stdin;
64	3	2	t
65	3	2	t
67	2	3	t
68	2	3	t
74	5	4	t
75	5	4	t
76	4	2	t
77	4	2	t
\.


--
-- Data for Name: Transactions_loan; Type: TABLE DATA; Schema: public; Owner: postgres
--

COPY public."Transactions_loan" (transaction_ptr_id, purpose, priority, repayment_frequency, approve_admin_id) FROM stdin;
58	Business	Regular	Monthly	1
63	Personal	Urgent	Weekly	1
66	Personal	Regular	Monthly	\N
\.


--
-- Data for Name: Transactions_transaction; Type: TABLE DATA; Schema: public; Owner: postgres
--

COPY public."Transactions_transaction" (id, transaction_type, amount, description, status, created_at, updated_at, transaction_id, user_id, after_transaction_balance, admin_user_id) FROM stdin;
1	SignUp Bonus	1000.00	Account created successfully.  Account number: 14052004002	t	2025-11-18 13:39:14.316471+00	2025-11-18 13:39:14.318674+00	O9D2Q8K9I0I	2	1000.00	\N
2	Withdrow	100.00		t	2025-11-18 13:48:44.345897+00	2025-11-18 13:48:44.351022+00	U9K7A8N3H1X	2	900.00	\N
3	Daily Bonus	100.00	Daily Check Bonus	t	2025-11-18 15:27:54.357821+00	2025-11-18 15:27:54.363436+00	U1Y9E9L0T2F	2	1000.00	\N
4	Daily Bonus	100.00	Daily Check Bonus	t	2025-11-18 15:28:42.239476+00	2025-11-18 15:28:42.2416+00	G0L2F6I8M1P	2	1100.00	\N
5	Daily Bonus	100.00	Daily Check Bonus	t	2025-11-18 15:29:42.153351+00	2025-11-18 15:29:42.156316+00	F5U2I5H9O1D	2	1200.00	\N
6	Daily Bonus	100.00	Daily Check Bonus	t	2025-11-18 15:33:33.664832+00	2025-11-18 15:33:33.667965+00	H3D8L8S5L6M	2	1300.00	\N
7	Daily Bonus	100.00	Daily Check Bonus	t	2025-11-18 16:10:56.331031+00	2025-11-18 16:10:56.333921+00	B4E2X0G2R1N	2	1400.00	\N
8	Daily Bonus	100.00	Daily Check Bonus	t	2025-11-18 16:46:34.413359+00	2025-11-18 16:46:34.420148+00	Y8K1D8G1U2O	2	1500.00	\N
9	Daily Bonus	100.00	Daily Check Bonus	t	2025-11-18 16:47:58.308192+00	2025-11-18 16:47:58.310961+00	E3K2G5K3V1U	2	1600.00	\N
10	Daily Bonus	100.00	Daily Check Bonus	t	2025-11-18 16:48:16.632263+00	2025-11-18 16:48:16.636824+00	Z6B0W5G9V6G	2	1700.00	\N
11	Daily Bonus	100.00	Daily Check Bonus	t	2025-11-18 16:50:23.37683+00	2025-11-18 16:50:23.382003+00	N2T9X5P9S9M	2	1800.00	\N
12	Daily Bonus	100.00	Daily Check Bonus	t	2025-11-18 16:50:42.301863+00	2025-11-18 16:50:42.307317+00	O4Y2F0I0T6L	2	1900.00	\N
13	Daily Bonus	100.00	Daily Check Bonus	t	2025-11-18 16:50:49.403123+00	2025-11-18 16:50:49.406257+00	Z7U1H3A2B6V	2	2000.00	\N
14	Daily Bonus	100.00	Daily Check Bonus	t	2025-11-18 16:50:56.100379+00	2025-11-18 16:50:56.105881+00	Y6N9Q0F8P7F	2	2100.00	\N
15	Daily Bonus	100.00	Daily Check Bonus	t	2025-11-18 16:51:02.8792+00	2025-11-18 16:51:02.882764+00	W7O9O8H8S1D	2	2200.00	\N
16	Daily Bonus	100.00	Daily Check Bonus	t	2025-11-18 16:51:03.465246+00	2025-11-18 16:51:03.470153+00	M3E3R8G6M1R	2	2300.00	\N
17	Daily Bonus	100.00	Daily Check Bonus	t	2025-11-18 16:51:03.730714+00	2025-11-18 16:51:03.736125+00	T2N4X7Y9Z6G	2	2400.00	\N
18	Daily Bonus	100.00	Daily Check Bonus	t	2025-11-18 16:51:03.972287+00	2025-11-18 16:51:03.976953+00	Q6R1I2N2I6E	2	2500.00	\N
19	Daily Bonus	100.00	Daily Check Bonus	t	2025-11-18 16:51:18.126252+00	2025-11-18 16:51:18.128843+00	W7M0I0V2K1A	2	2600.00	\N
20	Daily Bonus	100.00	Daily Check Bonus	t	2025-11-18 16:51:19.00325+00	2025-11-18 16:51:19.008692+00	W1P6J8G0W1Q	2	2700.00	\N
21	Daily Bonus	100.00	Daily Check Bonus	t	2025-11-18 16:51:25.545022+00	2025-11-18 16:51:25.549829+00	X1L1D5G8G2U	2	2800.00	\N
22	Daily Bonus	100.00	Daily Check Bonus	t	2025-11-18 16:51:26.419562+00	2025-11-18 16:51:26.422444+00	J1J6L3F9E4H	2	2900.00	\N
23	Daily Bonus	100.00	Daily Check Bonus	t	2025-11-18 16:51:27.229008+00	2025-11-18 16:51:27.233078+00	G7D1Q4T3Y1H	2	3000.00	\N
24	Daily Bonus	100.00	Daily Check Bonus	t	2025-11-18 16:51:28.072772+00	2025-11-18 16:51:28.077514+00	Y0F8B1Y1H6H	2	3100.00	\N
25	Daily Bonus	100.00	Daily Check Bonus	t	2025-11-18 16:51:28.95028+00	2025-11-18 16:51:28.95446+00	M7H7S6J3T2O	2	3200.00	\N
26	Daily Bonus	100.00	Daily Check Bonus	t	2025-11-18 16:51:34.442974+00	2025-11-18 16:51:34.448037+00	V6V5M6L6E4C	2	3300.00	\N
27	Daily Bonus	100.00	Daily Check Bonus	t	2025-11-18 16:54:22.408116+00	2025-11-18 16:54:22.411131+00	J2F5P1H6O8O	2	3400.00	\N
28	Daily Bonus	100.00	Daily Check Bonus	t	2025-11-18 16:54:46.930666+00	2025-11-18 16:54:46.936169+00	G9J3O7P8L4I	2	3500.00	\N
29	SignUp Bonus	1000.00	Account created successfully.  Account number: 14052004003	t	2025-11-18 16:58:32.870425+00	2025-11-18 16:58:32.87507+00	J9W8C4N5A5Y	3	1000.00	\N
30	Daily Bonus	100.00	Daily Check Bonus	t	2025-11-18 17:06:22.226702+00	2025-11-18 17:06:22.235354+00	H4Q3B0C4M5Q	2	3600.00	\N
31	Daily Bonus	100.00	Daily Check Bonus	t	2025-11-18 17:38:11.599617+00	2025-11-18 17:38:11.605751+00	B2V0X8K9A4L	2	3700.00	\N
32	Daily Bonus	100.00	Daily Check Bonus	t	2025-11-18 17:39:42.62939+00	2025-11-18 17:39:42.634867+00	B8U1Z2F4H1M	3	1100.00	\N
33	Daily Bonus	100.00	Daily Check Bonus	t	2025-11-18 17:42:56.216378+00	2025-11-18 17:42:56.219517+00	M7G5B6C3Q5D	3	1200.00	\N
34	Daily Bonus	100.00	Daily Check Bonus	t	2025-11-18 17:43:20.301628+00	2025-11-18 17:43:20.305561+00	E2E6I3X4Z8G	3	1300.00	\N
35	Daily Bonus	100.00	Daily Check Bonus	t	2025-11-18 17:44:17.462102+00	2025-11-18 17:44:17.466675+00	J5Q1B3W9P8N	2	3800.00	\N
36	Daily Bonus	100.00	Daily Check Bonus	t	2025-11-18 17:44:33.957961+00	2025-11-18 17:44:33.961224+00	J5X4N4A9F0R	2	3900.00	\N
37	Daily Bonus	100.00	Daily Check Bonus	t	2025-11-18 17:44:52.461503+00	2025-11-18 17:44:52.464735+00	D8J3E1Y5P7O	3	1400.00	\N
38	Daily Bonus	100.00	Daily Check Bonus	t	2025-11-18 17:45:18.995065+00	2025-11-18 17:45:18.998409+00	J0H3I7O2M2K	2	4000.00	\N
39	Daily Bonus	100.00	Daily Check Bonus	t	2025-11-18 17:46:05.232337+00	2025-11-18 17:46:05.235093+00	X4B4C6E9S3E	2	4100.00	\N
40	Daily Bonus	100.00	Daily Check Bonus	t	2025-11-18 17:46:07.4988+00	2025-11-18 17:46:07.509284+00	T7I2Y5K2I5E	2	4200.00	\N
41	Daily Bonus	100.00	Daily Check Bonus	t	2025-11-18 17:47:01.88965+00	2025-11-18 17:47:01.895705+00	U9Q7I7E2S6I	2	4300.00	\N
42	Daily Bonus	100.00	Daily Check Bonus	t	2025-11-18 17:47:04.626458+00	2025-11-18 17:47:04.632111+00	A3Y6P0R8D4R	2	4400.00	\N
43	Daily Bonus	100.00	Daily Check Bonus	t	2025-11-18 17:47:06.157379+00	2025-11-18 17:47:06.161466+00	K8L9L7A3O0H	2	4500.00	\N
44	Daily Bonus	100.00	Daily Check Bonus	t	2025-11-18 17:47:33.750507+00	2025-11-18 17:47:33.75439+00	I5R9B1C4X4M	3	1500.00	\N
45	Daily Bonus	100.00	Daily Check Bonus	t	2025-11-18 17:47:38.497921+00	2025-11-18 17:47:38.502809+00	H5R1A6Z3Y8A	3	1600.00	\N
46	Daily Bonus	100.00	Daily Check Bonus	t	2025-11-18 17:47:48.453116+00	2025-11-18 17:47:48.461524+00	X1J4Q0C9S8M	3	1700.00	\N
47	Daily Bonus	100.00	Daily Check Bonus	t	2025-11-18 17:48:15.951378+00	2025-11-18 17:48:15.953911+00	F4V9A5J4V5X	3	1800.00	\N
48	Daily Bonus	100.00	Daily Check Bonus	t	2025-11-18 17:49:08.57979+00	2025-11-18 17:49:08.583942+00	Z6U2X2R4N7W	3	1900.00	\N
49	Daily Bonus	100.00	Daily Check Bonus	t	2025-11-18 17:49:34.470434+00	2025-11-18 17:49:34.474277+00	U2Q9U2C8Z9C	3	2000.00	\N
50	Daily Bonus	100.00	Daily Check Bonus	t	2025-11-18 17:49:44.891362+00	2025-11-18 17:49:44.894345+00	E2X2W1E1I7L	3	2100.00	\N
51	Daily Bonus	100.00	Daily Check Bonus	t	2025-11-18 17:49:55.497943+00	2025-11-18 17:49:55.506742+00	A3M3E2R4L4R	3	2200.00	\N
52	Daily Bonus	100.00	Daily Check Bonus	t	2025-11-18 17:51:10.395867+00	2025-11-18 17:51:10.402366+00	G7M8S4H9Y4U	3	2300.00	\N
53	Withdrow	2299.00		t	2025-11-18 17:52:00.904043+00	2025-11-18 17:52:00.911295+00	I1A2U3W3A7V	3	1.00	\N
54	Daily Bonus	100.00	Daily Check Bonus	t	2025-11-18 17:54:17.487683+00	2025-11-18 17:54:17.49038+00	G0E0V1Z1G5Z	2	4600.00	\N
55	Withdrow	4580.00	Sakin er Dulavai Siam	t	2025-11-18 17:55:06.623273+00	2025-11-18 17:55:06.628425+00	F6L5B8R6G1N	2	20.00	\N
56	Daily Bonus	100.00	Daily Check Bonus	t	2025-11-18 18:01:26.524595+00	2025-11-18 18:01:26.529664+00	U9R9Q8A5S4J	3	101.00	\N
57	Withdrow	99.99	Ruhir vatar Sakin : Hakau	t	2025-11-18 18:02:51.939085+00	2025-11-18 18:02:51.943846+00	E5N5I6R3I4E	3	1.01	\N
59	Daily Bonus	100.00	Daily Check Bonus	t	2025-11-18 18:06:00.442655+00	2025-11-18 18:06:00.448084+00	W5L0U9E9V9N	2	120.00	\N
60	Deposit	23.00	I Love You <3	t	2025-11-18 18:07:17.190212+00	2025-11-18 18:07:17.193054+00	A3S4J4D7Q0D	2	143.00	\N
61	Deposit	32.00	I Miss You :(	t	2025-11-18 18:08:09.197411+00	2025-11-18 18:08:09.200524+00	G0Z8Y3R0G1O	2	175.00	\N
62	Deposit	433.00	I Miss You So Much ToT	t	2025-11-18 18:09:09.812591+00	2025-11-18 18:09:09.816538+00	T5W7Z9R0A5V	2	608.00	\N
58	Loan	550.00	\N	t	2025-11-18 18:04:53.590002+00	2025-11-18 18:10:40.466849+00	V5E7V2R2E4W	2	1158.00	\N
63	Loan	432.00	\N	t	2025-11-18 18:19:21.677087+00	2025-11-18 18:21:31.587256+00	Q1P3C4N4W3I	2	1467.00	\N
64	Sent Money	123.00		t	2025-11-18 18:20:05.822059+00	2025-11-18 18:20:05.836619+00	L7G0V8U8T9G	2	1035.00	\N
65	Receive Money	123.00		t	2025-11-18 18:20:05.847171+00	2025-11-18 18:20:05.85419+00	L7G0V8U8T9G	3	124.01	\N
66	Loan	143.00	\N	f	2025-11-18 18:41:06.798839+00	2025-11-18 18:41:06.818386+00	Y5Z0E1B1M8P	2	\N	\N
67	Sent Money	123.00		t	2025-11-18 19:20:33.755914+00	2025-11-18 19:20:33.768886+00	K1C7Y4I2W4Z	3	1.01	\N
68	Receive Money	123.00		t	2025-11-18 19:20:33.774262+00	2025-11-18 19:20:33.778153+00	K1C7Y4I2W4Z	2	1590.00	\N
69	Daily Bonus	100.00	Daily Check Bonus	t	2025-11-18 20:12:43.066664+00	2025-11-18 20:12:43.068644+00	L1X8L4V0N4Z	2	1690.00	\N
70	SignUp Bonus	1000.00	Account created successfully.  Account number: 14052004004	t	2025-11-18 20:15:39.105898+00	2025-11-18 20:15:39.107696+00	C6A3J1J0W2O	4	1000.00	\N
71	Daily Bonus	100.00	Daily Check Bonus	t	2025-11-18 20:16:04.25499+00	2025-11-18 20:16:04.256583+00	K5J9J9K4G1L	4	1100.00	\N
72	SignUp Bonus	1000.00	Account created successfully.  Account number: 14052004005	t	2025-11-18 20:19:14.456738+00	2025-11-18 20:19:14.458444+00	A6Z1H6Y3X0B	5	1000.00	\N
73	Daily Bonus	100.00	Daily Check Bonus	t	2025-11-18 20:19:43.872704+00	2025-11-18 20:19:43.874573+00	V5I9J7L8J2H	5	1100.00	\N
74	Sent Money	999.00	gift for you	t	2025-11-18 20:21:28.966911+00	2025-11-18 20:21:28.970113+00	A5S4T2C2K2L	4	101.00	\N
75	Receive Money	999.00	gift for you	t	2025-11-18 20:21:28.973189+00	2025-11-18 20:21:28.975753+00	A5S4T2C2K2L	5	2099.00	\N
76	Sent Money	1234.00	Miss Me?	t	2025-11-19 05:09:07.709745+00	2025-11-19 05:09:07.713771+00	Q3S9O4S4M4K	2	456.00	\N
77	Receive Money	1234.00	Miss Me?	t	2025-11-19 05:09:07.716789+00	2025-11-19 05:09:07.719755+00	Q3S9O4S4M4K	4	1335.00	\N
\.


--
-- Data for Name: auth_group; Type: TABLE DATA; Schema: public; Owner: postgres
--

COPY public.auth_group (id, name) FROM stdin;
\.


--
-- Data for Name: auth_group_permissions; Type: TABLE DATA; Schema: public; Owner: postgres
--

COPY public.auth_group_permissions (id, group_id, permission_id) FROM stdin;
\.


--
-- Data for Name: auth_permission; Type: TABLE DATA; Schema: public; Owner: postgres
--

COPY public.auth_permission (id, name, content_type_id, codename) FROM stdin;
1	Can add log entry	1	add_logentry
2	Can change log entry	1	change_logentry
3	Can delete log entry	1	delete_logentry
4	Can view log entry	1	view_logentry
5	Can add permission	2	add_permission
6	Can change permission	2	change_permission
7	Can delete permission	2	delete_permission
8	Can view permission	2	view_permission
9	Can add group	3	add_group
10	Can change group	3	change_group
11	Can delete group	3	delete_group
12	Can view group	3	view_group
13	Can add user	4	add_user
14	Can change user	4	change_user
15	Can delete user	4	delete_user
16	Can view user	4	view_user
17	Can add content type	5	add_contenttype
18	Can change content type	5	change_contenttype
19	Can delete content type	5	delete_contenttype
20	Can view content type	5	view_contenttype
21	Can add session	6	add_session
22	Can change session	6	change_session
23	Can delete session	6	delete_session
24	Can view session	6	view_session
25	Can add user address	7	add_useraddress
26	Can change user address	7	change_useraddress
27	Can delete user address	7	delete_useraddress
28	Can view user address	7	view_useraddress
29	Can add user bank account	8	add_userbankaccount
30	Can change user bank account	8	change_userbankaccount
31	Can delete user bank account	8	delete_userbankaccount
32	Can view user bank account	8	view_userbankaccount
33	Can add transaction	9	add_transaction
34	Can change transaction	9	change_transaction
35	Can delete transaction	9	delete_transaction
36	Can view transaction	9	view_transaction
37	Can add loan	10	add_loan
38	Can change loan	10	change_loan
39	Can delete loan	10	delete_loan
40	Can view loan	10	view_loan
41	Can add b2b	11	add_b2b
42	Can change b2b	11	change_b2b
43	Can delete b2b	11	delete_b2b
44	Can view b2b	11	view_b2b
\.


--
-- Data for Name: auth_user; Type: TABLE DATA; Schema: public; Owner: postgres
--

COPY public.auth_user (id, password, last_login, is_superuser, username, first_name, last_name, email, is_staff, is_active, date_joined) FROM stdin;
3	pbkdf2_sha256$1000000$W07mHC4FxYD6zsQMIhV0Xa$FvW28uu1xepg+ZPs49WGsDr/+cQ7O7X/lsM6A0F8GL4=	2025-11-18 17:00:37.496891+00	f	mydrive	My Drive	Test	dmy87125@gmail.com	f	t	2025-11-18 16:58:32.296824+00
5	pbkdf2_sha256$1000000$JQSyAwhdLiaKkzj9rY2stS$dByu5K9unGgYMz1xH1mKfnAvVExK/S2cgxMmidfwJ8k=	2025-11-18 20:23:45.599654+00	f	sakin69	সা কি 	ন	sakinspecial@gmail.com	f	t	2025-11-18 20:19:14.198537+00
4	pbkdf2_sha256$1000000$UrRnkY4bs8Rphz2xCFOyw8$sSSLvl4l0Mf6E23wxHy5NRbqSc/oR+Mq5zR5jInu6L4=	2025-11-18 20:51:34.480729+00	f	shishirrsiam	Md. Sishir Rahman	Siam	shishir.siam01@gmail.com	f	t	2025-11-18 20:15:38.881446+00
1	pbkdf2_sha256$1000000$ncxmv0spXokKG9hwnwOsk5$XuMI6BkZmGf6W087e0G3hOpatauQkfMiRO2jICqwN3Y=	2025-11-18 20:53:22.361045+00	t	admin	Admin	Sishir	shishir.siam01@gmail.com	t	t	2025-11-18 13:35:15+00
2	pbkdf2_sha256$1000000$Dembq7jlTGXFYkzFdfzBxv$y0hNzLtAMT79sk4C10/dear32eK6CCfrZTCRxrZGkH0=	2025-11-18 20:53:35.879185+00	f	hasmiorradiya	Hasmi	Or Radiya	hasmiorradiya@gmail.com	f	t	2025-11-18 13:39:13.844574+00
\.


--
-- Data for Name: auth_user_groups; Type: TABLE DATA; Schema: public; Owner: postgres
--

COPY public.auth_user_groups (id, user_id, group_id) FROM stdin;
\.


--
-- Data for Name: auth_user_user_permissions; Type: TABLE DATA; Schema: public; Owner: postgres
--

COPY public.auth_user_user_permissions (id, user_id, permission_id) FROM stdin;
\.


--
-- Data for Name: django_admin_log; Type: TABLE DATA; Schema: public; Owner: postgres
--

COPY public.django_admin_log (id, action_time, object_id, object_repr, action_flag, change_message, content_type_id, user_id) FROM stdin;
1	2025-11-18 13:37:05.057269+00	1	admin	2	[{"changed": {"fields": ["First name", "Last name", "Email address"]}}]	4	1
\.


--
-- Data for Name: django_content_type; Type: TABLE DATA; Schema: public; Owner: postgres
--

COPY public.django_content_type (id, app_label, model) FROM stdin;
1	admin	logentry
2	auth	permission
3	auth	group
4	auth	user
5	contenttypes	contenttype
6	sessions	session
7	Accounts	useraddress
8	Accounts	userbankaccount
9	Transactions	transaction
10	Transactions	loan
11	Transactions	b2b
\.


--
-- Data for Name: django_migrations; Type: TABLE DATA; Schema: public; Owner: postgres
--

COPY public.django_migrations (id, app, name, applied) FROM stdin;
1	contenttypes	0001_initial	2025-11-18 13:28:45.538065+00
2	auth	0001_initial	2025-11-18 13:28:45.698882+00
3	Accounts	0001_initial	2025-11-18 13:28:45.764441+00
4	Accounts	0002_alter_userbankaccount_birth_day_and_more	2025-11-18 13:28:45.798593+00
5	Accounts	0003_alter_useraddress_city_alter_useraddress_postal_code_and_more	2025-11-18 13:28:45.902126+00
6	Accounts	0004_alter_userbankaccount_balance	2025-11-18 13:28:45.925627+00
7	Transactions	0001_initial	2025-11-18 13:28:45.987498+00
8	Transactions	0002_rename_account_transaction_user	2025-11-18 13:28:46.033394+00
9	Transactions	0003_alter_transaction_transaction_type	2025-11-18 13:28:46.062722+00
10	Transactions	0004_transaction_after_transaction_balance	2025-11-18 13:28:46.092762+00
11	Transactions	0005_loan	2025-11-18 13:28:46.129525+00
12	Transactions	0006_alter_transaction_after_transaction_balance	2025-11-18 13:28:46.155527+00
13	Transactions	0007_loan_approve_admin	2025-11-18 13:28:46.201502+00
14	Transactions	0008_b2b	2025-11-18 13:28:46.271603+00
15	Transactions	0009_alter_transaction_after_transaction_balance_and_more	2025-11-18 13:28:46.335565+00
16	Transactions	0010_b2b_b2b_money	2025-11-18 13:28:46.366518+00
17	Transactions	0011_transaction_admin_user	2025-11-18 13:28:46.413044+00
18	Transactions	0012_alter_transaction_amount	2025-11-18 13:28:46.441161+00
19	admin	0001_initial	2025-11-18 13:28:46.515847+00
20	admin	0002_logentry_remove_auto_add	2025-11-18 13:28:46.551981+00
21	admin	0003_logentry_add_action_flag_choices	2025-11-18 13:28:46.583927+00
22	contenttypes	0002_remove_content_type_name	2025-11-18 13:28:46.654291+00
23	auth	0002_alter_permission_name_max_length	2025-11-18 13:28:46.685964+00
24	auth	0003_alter_user_email_max_length	2025-11-18 13:28:46.730561+00
25	auth	0004_alter_user_username_opts	2025-11-18 13:28:46.791025+00
26	auth	0005_alter_user_last_login_null	2025-11-18 13:28:46.851806+00
27	auth	0006_require_contenttypes_0002	2025-11-18 13:28:46.859594+00
28	auth	0007_alter_validators_add_error_messages	2025-11-18 13:28:46.906531+00
29	auth	0008_alter_user_username_max_length	2025-11-18 13:28:46.961032+00
30	auth	0009_alter_user_last_name_max_length	2025-11-18 13:28:46.995015+00
31	auth	0010_alter_group_name_max_length	2025-11-18 13:28:47.037101+00
32	auth	0011_update_proxy_permissions	2025-11-18 13:28:47.073286+00
33	auth	0012_alter_user_first_name_max_length	2025-11-18 13:28:47.111968+00
34	sessions	0001_initial	2025-11-18 13:28:47.148718+00
\.


--
-- Data for Name: django_session; Type: TABLE DATA; Schema: public; Owner: postgres
--

COPY public.django_session (session_key, session_data, expire_date) FROM stdin;
kfsv9lw5yd6gt5pglewo2sojsucrx767	.eJxVjDkOwjAURO_iGlleY0NJzxmsv9g4gBwpTirE3UmkFNBMMe_NvEWCdalp7XlOI4uLsOL02yHQM7cd8APafZI0tWUeUe6KPGiXt4nz63q4fwcVet3WFC2zLs5kZZyKAwL6M3swqJ1C4i3JUg6BwA7AJZuIGlXxyjoINorPF_Q2ODw:1vLP4H:W-Uv5N3TQVSmTBqZpHq-hRNGuAteGgjCjaxNdzrpKa8	2025-12-02 17:00:37.501732+00
0f1c58q8ksvypyp2lb5koh95zee03p53	.eJxVjEEOgjAQRe_StWmctrSDS_ecgcx0RosaSCisjHcXEha6_e-9_zY9rUvp16pzP4i5GDCn340pP3XcgTxovE82T-MyD2x3xR602m4SfV0P9--gUC1b7aLP3AQIkVlUEFBYs0chaXhDZ3HcJh9ZkwPxKi4RYmgRbh4aBPP5AgFMOC4:1vLR7k:c1d2PwDjxZARekE9DwDvNRDQ-tTGoxqKokPtAHkAqzs	2025-12-02 19:12:20.012492+00
9il99j4ef3q7am9yqsc2ftlmvz9kigph	.eJxVjMsOwiAQRf-FtSG8HVy67zcQmAGpGkhKuzL-uzbpQrf3nHNfLMRtrWEbeQkzsQtT7PS7pYiP3HZA99hunWNv6zInviv8oINPnfLzerh_BzWO-q2LEUIUmYpHzJosWtICpYRzAqcskgWPRRUDoJxDpwCEFyZaD5pcdOz9AePaN1Q:1vLRBC:-HWvZ6ZAnCwKWEmGKgBRB5MK-mM0DD9OO5yTJmCaKlo	2025-12-02 19:15:54.021999+00
me0byuq90rwx7i69rnwx1ip9olknsr3m	.eJxVjDsOwjAQBe_iGllex79Q0nMGa9de4wBypDipEHeHSCmgfTPzXiLitta4dV7ilMVZWHH63QjTg9sO8h3bbZZpbusykdwVedAur3Pm5-Vw_w4q9vqtgwsjB6O0tVCSR7CkEaCoBAYhDaMrIXlj2A8qeOKsrXbOqpwJwBGK9wfCsDc5:1vLSEr:-IJYY0F61o2qMRGYJ17mn0H1H-u0lbwWIebLUJ0awuw	2025-12-02 20:23:45.601398+00
r9qd69mcrii62wfhq080d9uo1huvgh4h	.eJxVjMsOwiAQRf-FtSG8HVy67zcQmAGpGkhKuzL-uzbpQrf3nHNfLMRtrWEbeQkzsQtT7PS7pYiP3HZA99hunWNv6zInviv8oINPnfLzerh_BzWO-q2LEUIUmYpHzJosWtICpYRzAqcskgWPRRUDoJxDpwCEFyZaD5pcdOz9AePaN1Q:1vLShj:GrFyNk6eOccPXVMI5FVwpwRb2QsycEjvBadpOBGQxxU	2025-12-02 20:53:35.884529+00
\.


--
-- Name: Accounts_useraddress_id_seq; Type: SEQUENCE SET; Schema: public; Owner: postgres
--

SELECT pg_catalog.setval('public."Accounts_useraddress_id_seq"', 4, true);


--
-- Name: Accounts_userbankaccount_id_seq; Type: SEQUENCE SET; Schema: public; Owner: postgres
--

SELECT pg_catalog.setval('public."Accounts_userbankaccount_id_seq"', 4, true);


--
-- Name: Transactions_transaction_id_seq; Type: SEQUENCE SET; Schema: public; Owner: postgres
--

SELECT pg_catalog.setval('public."Transactions_transaction_id_seq"', 77, true);


--
-- Name: auth_group_id_seq; Type: SEQUENCE SET; Schema: public; Owner: postgres
--

SELECT pg_catalog.setval('public.auth_group_id_seq', 1, false);


--
-- Name: auth_group_permissions_id_seq; Type: SEQUENCE SET; Schema: public; Owner: postgres
--

SELECT pg_catalog.setval('public.auth_group_permissions_id_seq', 1, false);


--
-- Name: auth_permission_id_seq; Type: SEQUENCE SET; Schema: public; Owner: postgres
--

SELECT pg_catalog.setval('public.auth_permission_id_seq', 44, true);


--
-- Name: auth_user_groups_id_seq; Type: SEQUENCE SET; Schema: public; Owner: postgres
--

SELECT pg_catalog.setval('public.auth_user_groups_id_seq', 1, false);


--
-- Name: auth_user_id_seq; Type: SEQUENCE SET; Schema: public; Owner: postgres
--

SELECT pg_catalog.setval('public.auth_user_id_seq', 5, true);


--
-- Name: auth_user_user_permissions_id_seq; Type: SEQUENCE SET; Schema: public; Owner: postgres
--

SELECT pg_catalog.setval('public.auth_user_user_permissions_id_seq', 1, false);


--
-- Name: django_admin_log_id_seq; Type: SEQUENCE SET; Schema: public; Owner: postgres
--

SELECT pg_catalog.setval('public.django_admin_log_id_seq', 1, true);


--
-- Name: django_content_type_id_seq; Type: SEQUENCE SET; Schema: public; Owner: postgres
--

SELECT pg_catalog.setval('public.django_content_type_id_seq', 11, true);


--
-- Name: django_migrations_id_seq; Type: SEQUENCE SET; Schema: public; Owner: postgres
--

SELECT pg_catalog.setval('public.django_migrations_id_seq', 34, true);


--
-- Name: Accounts_useraddress Accounts_useraddress_pkey; Type: CONSTRAINT; Schema: public; Owner: postgres
--

ALTER TABLE ONLY public."Accounts_useraddress"
    ADD CONSTRAINT "Accounts_useraddress_pkey" PRIMARY KEY (id);


--
-- Name: Accounts_userbankaccount Accounts_userbankaccount_account_no_key; Type: CONSTRAINT; Schema: public; Owner: postgres
--

ALTER TABLE ONLY public."Accounts_userbankaccount"
    ADD CONSTRAINT "Accounts_userbankaccount_account_no_key" UNIQUE (account_no);


--
-- Name: Accounts_userbankaccount Accounts_userbankaccount_pkey; Type: CONSTRAINT; Schema: public; Owner: postgres
--

ALTER TABLE ONLY public."Accounts_userbankaccount"
    ADD CONSTRAINT "Accounts_userbankaccount_pkey" PRIMARY KEY (id);


--
-- Name: Accounts_userbankaccount Accounts_userbankaccount_user_id_key; Type: CONSTRAINT; Schema: public; Owner: postgres
--

ALTER TABLE ONLY public."Accounts_userbankaccount"
    ADD CONSTRAINT "Accounts_userbankaccount_user_id_key" UNIQUE (user_id);


--
-- Name: Transactions_b2b Transactions_b2b_pkey; Type: CONSTRAINT; Schema: public; Owner: postgres
--

ALTER TABLE ONLY public."Transactions_b2b"
    ADD CONSTRAINT "Transactions_b2b_pkey" PRIMARY KEY (transaction_ptr_id);


--
-- Name: Transactions_loan Transactions_loan_pkey; Type: CONSTRAINT; Schema: public; Owner: postgres
--

ALTER TABLE ONLY public."Transactions_loan"
    ADD CONSTRAINT "Transactions_loan_pkey" PRIMARY KEY (transaction_ptr_id);


--
-- Name: Transactions_transaction Transactions_transaction_pkey; Type: CONSTRAINT; Schema: public; Owner: postgres
--

ALTER TABLE ONLY public."Transactions_transaction"
    ADD CONSTRAINT "Transactions_transaction_pkey" PRIMARY KEY (id);


--
-- Name: auth_group auth_group_name_key; Type: CONSTRAINT; Schema: public; Owner: postgres
--

ALTER TABLE ONLY public.auth_group
    ADD CONSTRAINT auth_group_name_key UNIQUE (name);


--
-- Name: auth_group_permissions auth_group_permissions_group_id_permission_id_0cd325b0_uniq; Type: CONSTRAINT; Schema: public; Owner: postgres
--

ALTER TABLE ONLY public.auth_group_permissions
    ADD CONSTRAINT auth_group_permissions_group_id_permission_id_0cd325b0_uniq UNIQUE (group_id, permission_id);


--
-- Name: auth_group_permissions auth_group_permissions_pkey; Type: CONSTRAINT; Schema: public; Owner: postgres
--

ALTER TABLE ONLY public.auth_group_permissions
    ADD CONSTRAINT auth_group_permissions_pkey PRIMARY KEY (id);


--
-- Name: auth_group auth_group_pkey; Type: CONSTRAINT; Schema: public; Owner: postgres
--

ALTER TABLE ONLY public.auth_group
    ADD CONSTRAINT auth_group_pkey PRIMARY KEY (id);


--
-- Name: auth_permission auth_permission_content_type_id_codename_01ab375a_uniq; Type: CONSTRAINT; Schema: public; Owner: postgres
--

ALTER TABLE ONLY public.auth_permission
    ADD CONSTRAINT auth_permission_content_type_id_codename_01ab375a_uniq UNIQUE (content_type_id, codename);


--
-- Name: auth_permission auth_permission_pkey; Type: CONSTRAINT; Schema: public; Owner: postgres
--

ALTER TABLE ONLY public.auth_permission
    ADD CONSTRAINT auth_permission_pkey PRIMARY KEY (id);


--
-- Name: auth_user_groups auth_user_groups_pkey; Type: CONSTRAINT; Schema: public; Owner: postgres
--

ALTER TABLE ONLY public.auth_user_groups
    ADD CONSTRAINT auth_user_groups_pkey PRIMARY KEY (id);


--
-- Name: auth_user_groups auth_user_groups_user_id_group_id_94350c0c_uniq; Type: CONSTRAINT; Schema: public; Owner: postgres
--

ALTER TABLE ONLY public.auth_user_groups
    ADD CONSTRAINT auth_user_groups_user_id_group_id_94350c0c_uniq UNIQUE (user_id, group_id);


--
-- Name: auth_user auth_user_pkey; Type: CONSTRAINT; Schema: public; Owner: postgres
--

ALTER TABLE ONLY public.auth_user
    ADD CONSTRAINT auth_user_pkey PRIMARY KEY (id);


--
-- Name: auth_user_user_permissions auth_user_user_permissions_pkey; Type: CONSTRAINT; Schema: public; Owner: postgres
--

ALTER TABLE ONLY public.auth_user_user_permissions
    ADD CONSTRAINT auth_user_user_permissions_pkey PRIMARY KEY (id);


--
-- Name: auth_user_user_permissions auth_user_user_permissions_user_id_permission_id_14a6b632_uniq; Type: CONSTRAINT; Schema: public; Owner: postgres
--

ALTER TABLE ONLY public.auth_user_user_permissions
    ADD CONSTRAINT auth_user_user_permissions_user_id_permission_id_14a6b632_uniq UNIQUE (user_id, permission_id);


--
-- Name: auth_user auth_user_username_key; Type: CONSTRAINT; Schema: public; Owner: postgres
--

ALTER TABLE ONLY public.auth_user
    ADD CONSTRAINT auth_user_username_key UNIQUE (username);


--
-- Name: django_admin_log django_admin_log_pkey; Type: CONSTRAINT; Schema: public; Owner: postgres
--

ALTER TABLE ONLY public.django_admin_log
    ADD CONSTRAINT django_admin_log_pkey PRIMARY KEY (id);


--
-- Name: django_content_type django_content_type_app_label_model_76bd3d3b_uniq; Type: CONSTRAINT; Schema: public; Owner: postgres
--

ALTER TABLE ONLY public.django_content_type
    ADD CONSTRAINT django_content_type_app_label_model_76bd3d3b_uniq UNIQUE (app_label, model);


--
-- Name: django_content_type django_content_type_pkey; Type: CONSTRAINT; Schema: public; Owner: postgres
--

ALTER TABLE ONLY public.django_content_type
    ADD CONSTRAINT django_content_type_pkey PRIMARY KEY (id);


--
-- Name: django_migrations django_migrations_pkey; Type: CONSTRAINT; Schema: public; Owner: postgres
--

ALTER TABLE ONLY public.django_migrations
    ADD CONSTRAINT django_migrations_pkey PRIMARY KEY (id);


--
-- Name: django_session django_session_pkey; Type: CONSTRAINT; Schema: public; Owner: postgres
--

ALTER TABLE ONLY public.django_session
    ADD CONSTRAINT django_session_pkey PRIMARY KEY (session_key);


--
-- Name: Accounts_useraddress_user_id_a8c44816; Type: INDEX; Schema: public; Owner: postgres
--

CREATE INDEX "Accounts_useraddress_user_id_a8c44816" ON public."Accounts_useraddress" USING btree (user_id);


--
-- Name: Transactions_b2b_receiver_id_9d9d272c; Type: INDEX; Schema: public; Owner: postgres
--

CREATE INDEX "Transactions_b2b_receiver_id_9d9d272c" ON public."Transactions_b2b" USING btree (receiver_id);


--
-- Name: Transactions_b2b_sender_id_d26b66c0; Type: INDEX; Schema: public; Owner: postgres
--

CREATE INDEX "Transactions_b2b_sender_id_d26b66c0" ON public."Transactions_b2b" USING btree (sender_id);


--
-- Name: Transactions_loan_approve_admin_id_e7b1cf40; Type: INDEX; Schema: public; Owner: postgres
--

CREATE INDEX "Transactions_loan_approve_admin_id_e7b1cf40" ON public."Transactions_loan" USING btree (approve_admin_id);


--
-- Name: Transactions_transaction_account_id_c321cea7; Type: INDEX; Schema: public; Owner: postgres
--

CREATE INDEX "Transactions_transaction_account_id_c321cea7" ON public."Transactions_transaction" USING btree (user_id);


--
-- Name: Transactions_transaction_admin_user_id_e0557d76; Type: INDEX; Schema: public; Owner: postgres
--

CREATE INDEX "Transactions_transaction_admin_user_id_e0557d76" ON public."Transactions_transaction" USING btree (admin_user_id);


--
-- Name: auth_group_name_a6ea08ec_like; Type: INDEX; Schema: public; Owner: postgres
--

CREATE INDEX auth_group_name_a6ea08ec_like ON public.auth_group USING btree (name varchar_pattern_ops);


--
-- Name: auth_group_permissions_group_id_b120cbf9; Type: INDEX; Schema: public; Owner: postgres
--

CREATE INDEX auth_group_permissions_group_id_b120cbf9 ON public.auth_group_permissions USING btree (group_id);


--
-- Name: auth_group_permissions_permission_id_84c5c92e; Type: INDEX; Schema: public; Owner: postgres
--

CREATE INDEX auth_group_permissions_permission_id_84c5c92e ON public.auth_group_permissions USING btree (permission_id);


--
-- Name: auth_permission_content_type_id_2f476e4b; Type: INDEX; Schema: public; Owner: postgres
--

CREATE INDEX auth_permission_content_type_id_2f476e4b ON public.auth_permission USING btree (content_type_id);


--
-- Name: auth_user_groups_group_id_97559544; Type: INDEX; Schema: public; Owner: postgres
--

CREATE INDEX auth_user_groups_group_id_97559544 ON public.auth_user_groups USING btree (group_id);


--
-- Name: auth_user_groups_user_id_6a12ed8b; Type: INDEX; Schema: public; Owner: postgres
--

CREATE INDEX auth_user_groups_user_id_6a12ed8b ON public.auth_user_groups USING btree (user_id);


--
-- Name: auth_user_user_permissions_permission_id_1fbb5f2c; Type: INDEX; Schema: public; Owner: postgres
--

CREATE INDEX auth_user_user_permissions_permission_id_1fbb5f2c ON public.auth_user_user_permissions USING btree (permission_id);


--
-- Name: auth_user_user_permissions_user_id_a95ead1b; Type: INDEX; Schema: public; Owner: postgres
--

CREATE INDEX auth_user_user_permissions_user_id_a95ead1b ON public.auth_user_user_permissions USING btree (user_id);


--
-- Name: auth_user_username_6821ab7c_like; Type: INDEX; Schema: public; Owner: postgres
--

CREATE INDEX auth_user_username_6821ab7c_like ON public.auth_user USING btree (username varchar_pattern_ops);


--
-- Name: django_admin_log_content_type_id_c4bce8eb; Type: INDEX; Schema: public; Owner: postgres
--

CREATE INDEX django_admin_log_content_type_id_c4bce8eb ON public.django_admin_log USING btree (content_type_id);


--
-- Name: django_admin_log_user_id_c564eba6; Type: INDEX; Schema: public; Owner: postgres
--

CREATE INDEX django_admin_log_user_id_c564eba6 ON public.django_admin_log USING btree (user_id);


--
-- Name: django_session_expire_date_a5c62663; Type: INDEX; Schema: public; Owner: postgres
--

CREATE INDEX django_session_expire_date_a5c62663 ON public.django_session USING btree (expire_date);


--
-- Name: django_session_session_key_c0390e0f_like; Type: INDEX; Schema: public; Owner: postgres
--

CREATE INDEX django_session_session_key_c0390e0f_like ON public.django_session USING btree (session_key varchar_pattern_ops);


--
-- Name: Accounts_useraddress Accounts_useraddress_user_id_a8c44816_fk_auth_user_id; Type: FK CONSTRAINT; Schema: public; Owner: postgres
--

ALTER TABLE ONLY public."Accounts_useraddress"
    ADD CONSTRAINT "Accounts_useraddress_user_id_a8c44816_fk_auth_user_id" FOREIGN KEY (user_id) REFERENCES public.auth_user(id) DEFERRABLE INITIALLY DEFERRED;


--
-- Name: Accounts_userbankaccount Accounts_userbankaccount_user_id_cfd6ea5b_fk_auth_user_id; Type: FK CONSTRAINT; Schema: public; Owner: postgres
--

ALTER TABLE ONLY public."Accounts_userbankaccount"
    ADD CONSTRAINT "Accounts_userbankaccount_user_id_cfd6ea5b_fk_auth_user_id" FOREIGN KEY (user_id) REFERENCES public.auth_user(id) DEFERRABLE INITIALLY DEFERRED;


--
-- Name: Transactions_b2b Transactions_b2b_receiver_id_9d9d272c_fk_auth_user_id; Type: FK CONSTRAINT; Schema: public; Owner: postgres
--

ALTER TABLE ONLY public."Transactions_b2b"
    ADD CONSTRAINT "Transactions_b2b_receiver_id_9d9d272c_fk_auth_user_id" FOREIGN KEY (receiver_id) REFERENCES public.auth_user(id) DEFERRABLE INITIALLY DEFERRED;


--
-- Name: Transactions_b2b Transactions_b2b_sender_id_d26b66c0_fk_auth_user_id; Type: FK CONSTRAINT; Schema: public; Owner: postgres
--

ALTER TABLE ONLY public."Transactions_b2b"
    ADD CONSTRAINT "Transactions_b2b_sender_id_d26b66c0_fk_auth_user_id" FOREIGN KEY (sender_id) REFERENCES public.auth_user(id) DEFERRABLE INITIALLY DEFERRED;


--
-- Name: Transactions_b2b Transactions_b2b_transaction_ptr_id_69423e9a_fk_Transacti; Type: FK CONSTRAINT; Schema: public; Owner: postgres
--

ALTER TABLE ONLY public."Transactions_b2b"
    ADD CONSTRAINT "Transactions_b2b_transaction_ptr_id_69423e9a_fk_Transacti" FOREIGN KEY (transaction_ptr_id) REFERENCES public."Transactions_transaction"(id) DEFERRABLE INITIALLY DEFERRED;


--
-- Name: Transactions_loan Transactions_loan_approve_admin_id_e7b1cf40_fk_auth_user_id; Type: FK CONSTRAINT; Schema: public; Owner: postgres
--

ALTER TABLE ONLY public."Transactions_loan"
    ADD CONSTRAINT "Transactions_loan_approve_admin_id_e7b1cf40_fk_auth_user_id" FOREIGN KEY (approve_admin_id) REFERENCES public.auth_user(id) DEFERRABLE INITIALLY DEFERRED;


--
-- Name: Transactions_loan Transactions_loan_transaction_ptr_id_adfef1f4_fk_Transacti; Type: FK CONSTRAINT; Schema: public; Owner: postgres
--

ALTER TABLE ONLY public."Transactions_loan"
    ADD CONSTRAINT "Transactions_loan_transaction_ptr_id_adfef1f4_fk_Transacti" FOREIGN KEY (transaction_ptr_id) REFERENCES public."Transactions_transaction"(id) DEFERRABLE INITIALLY DEFERRED;


--
-- Name: Transactions_transaction Transactions_transaction_admin_user_id_e0557d76_fk_auth_user_id; Type: FK CONSTRAINT; Schema: public; Owner: postgres
--

ALTER TABLE ONLY public."Transactions_transaction"
    ADD CONSTRAINT "Transactions_transaction_admin_user_id_e0557d76_fk_auth_user_id" FOREIGN KEY (admin_user_id) REFERENCES public.auth_user(id) DEFERRABLE INITIALLY DEFERRED;


--
-- Name: Transactions_transaction Transactions_transaction_user_id_f80c1d06_fk_auth_user_id; Type: FK CONSTRAINT; Schema: public; Owner: postgres
--

ALTER TABLE ONLY public."Transactions_transaction"
    ADD CONSTRAINT "Transactions_transaction_user_id_f80c1d06_fk_auth_user_id" FOREIGN KEY (user_id) REFERENCES public.auth_user(id) DEFERRABLE INITIALLY DEFERRED;


--
-- Name: auth_group_permissions auth_group_permissio_permission_id_84c5c92e_fk_auth_perm; Type: FK CONSTRAINT; Schema: public; Owner: postgres
--

ALTER TABLE ONLY public.auth_group_permissions
    ADD CONSTRAINT auth_group_permissio_permission_id_84c5c92e_fk_auth_perm FOREIGN KEY (permission_id) REFERENCES public.auth_permission(id) DEFERRABLE INITIALLY DEFERRED;


--
-- Name: auth_group_permissions auth_group_permissions_group_id_b120cbf9_fk_auth_group_id; Type: FK CONSTRAINT; Schema: public; Owner: postgres
--

ALTER TABLE ONLY public.auth_group_permissions
    ADD CONSTRAINT auth_group_permissions_group_id_b120cbf9_fk_auth_group_id FOREIGN KEY (group_id) REFERENCES public.auth_group(id) DEFERRABLE INITIALLY DEFERRED;


--
-- Name: auth_permission auth_permission_content_type_id_2f476e4b_fk_django_co; Type: FK CONSTRAINT; Schema: public; Owner: postgres
--

ALTER TABLE ONLY public.auth_permission
    ADD CONSTRAINT auth_permission_content_type_id_2f476e4b_fk_django_co FOREIGN KEY (content_type_id) REFERENCES public.django_content_type(id) DEFERRABLE INITIALLY DEFERRED;


--
-- Name: auth_user_groups auth_user_groups_group_id_97559544_fk_auth_group_id; Type: FK CONSTRAINT; Schema: public; Owner: postgres
--

ALTER TABLE ONLY public.auth_user_groups
    ADD CONSTRAINT auth_user_groups_group_id_97559544_fk_auth_group_id FOREIGN KEY (group_id) REFERENCES public.auth_group(id) DEFERRABLE INITIALLY DEFERRED;


--
-- Name: auth_user_groups auth_user_groups_user_id_6a12ed8b_fk_auth_user_id; Type: FK CONSTRAINT; Schema: public; Owner: postgres
--

ALTER TABLE ONLY public.auth_user_groups
    ADD CONSTRAINT auth_user_groups_user_id_6a12ed8b_fk_auth_user_id FOREIGN KEY (user_id) REFERENCES public.auth_user(id) DEFERRABLE INITIALLY DEFERRED;


--
-- Name: auth_user_user_permissions auth_user_user_permi_permission_id_1fbb5f2c_fk_auth_perm; Type: FK CONSTRAINT; Schema: public; Owner: postgres
--

ALTER TABLE ONLY public.auth_user_user_permissions
    ADD CONSTRAINT auth_user_user_permi_permission_id_1fbb5f2c_fk_auth_perm FOREIGN KEY (permission_id) REFERENCES public.auth_permission(id) DEFERRABLE INITIALLY DEFERRED;


--
-- Name: auth_user_user_permissions auth_user_user_permissions_user_id_a95ead1b_fk_auth_user_id; Type: FK CONSTRAINT; Schema: public; Owner: postgres
--

ALTER TABLE ONLY public.auth_user_user_permissions
    ADD CONSTRAINT auth_user_user_permissions_user_id_a95ead1b_fk_auth_user_id FOREIGN KEY (user_id) REFERENCES public.auth_user(id) DEFERRABLE INITIALLY DEFERRED;


--
-- Name: django_admin_log django_admin_log_content_type_id_c4bce8eb_fk_django_co; Type: FK CONSTRAINT; Schema: public; Owner: postgres
--

ALTER TABLE ONLY public.django_admin_log
    ADD CONSTRAINT django_admin_log_content_type_id_c4bce8eb_fk_django_co FOREIGN KEY (content_type_id) REFERENCES public.django_content_type(id) DEFERRABLE INITIALLY DEFERRED;


--
-- Name: django_admin_log django_admin_log_user_id_c564eba6_fk_auth_user_id; Type: FK CONSTRAINT; Schema: public; Owner: postgres
--

ALTER TABLE ONLY public.django_admin_log
    ADD CONSTRAINT django_admin_log_user_id_c564eba6_fk_auth_user_id FOREIGN KEY (user_id) REFERENCES public.auth_user(id) DEFERRABLE INITIALLY DEFERRED;


--
-- PostgreSQL database dump complete
--

\unrestrict XksaAPwKXgNKJYRxGhmANUOAlLpbKTWT1GkUR38c5tthbPuFzCdFnocdxgVLbE3

